区县,样本数,模型,训练MAE(万元),训练R2,交叉验证R2,状态
金牛,612,Ridge,9.236147072899884,0.9629188850016673,0.9589563963552344,通过
金牛,612,XGBoost,7.879725420334761,0.9619230778194745,0.9184994751352281,通过
金牛,612,决策树,23.075893584625742,0.7160142822303128,0.6301667903281766,通过
金牛,612,平均价格,52.9527614379085,0.0,0.0,基准模型（区县均值）
金牛,612,梯度提升,6.627768503613981,0.9598144136030525,0.9131661937115712,通过
金牛,612,随机森林,16.57647952633818,0.8185256666039589,0.7454096496021885,通过
武侯,608,Ridge,14.217988463197699,0.9560689203413137,0.948296768936648,通过
武侯,608,XGBoost,10.77849749765898,0.967949930880654,0.9333404258190963,通过
武侯,608,决策树,32.19822446590544,0.7318232177634075,0.6399254179220369,通过
武侯,608,平均价格,72.39065789473683,0.0,0.0,基准模型（区县均值）
武侯,608,梯度提升,9.69846986197657,0.9689825624514457,0.9446354055254996,通过
武侯,608,随机森林,25.879153177289584,0.8087132366734041,0.7461801765707071,通过
成华,584,Ridge,12.857379039684613,0.920301386030354,0.9076516314847262,通过
成华,584,XGBoost,8.976560311774685,0.9322203816592388,0.8397940102693888,通过
成华,584,决策树,22.6057879565366,0.7002655084197692,0.5767715059696613,通过
成华,584,平均价格,48.066575342465754,0.0,0.0,基准模型（区县均值）
成华,584,梯度提升,9.993729550657644,0.8202613727550389,0.7738881411843431,通过
成华,584,随机森林,18.945679443617,0.6544069759306599,0.6102420325572308,通过
天府新区,581,Ridge,24.851146474386116,0.8985640126667715,0.8797755469148077,通过
天府新区,581,XGBoost,16.753867924439106,0.8703840069502863,0.7736885906707575,通过
天府新区,581,决策树,41.198611478673286,0.5750070371038347,0.5548222724848039,通过
天府新区,581,平均价格,88.07602409638554,0.0,0.0,基准模型（区县均值）
天府新区,581,梯度提升,13.915094802572833,0.7581020221005875,0.784716577508871,通过
天府新区,581,随机森林,32.040476439591345,0.599591953366781,0.6445167496121935,通过
青羊,581,Ridge,14.324201155057713,0.9451195070657478,0.9241846072844835,通过
青羊,581,XGBoost,11.094489184591323,0.954603797519746,0.9105096695589981,通过
青羊,581,决策树,30.67843449116499,0.6972253692853139,0.6207951265407418,通过
青羊,581,平均价格,68.96893287435455,0.0,0.0,基准模型（区县均值）
青羊,581,梯度提升,9.410565955694599,0.9472695282049787,0.9036747602382129,通过
青羊,581,随机森林,25.822528774992044,0.7646452462680139,0.7263779560303512,通过
锦江,577,Ridge,28.08357671895692,0.9383486211661248,0.9161817715763717,通过
锦江,577,XGBoost,16.083040630796752,0.9610687738376168,0.8935474128961757,通过
锦江,577,决策树,45.312930701226676,0.7796146158065238,0.6607822135938897,通过
锦江,577,平均价格,104.50313691507799,0.0,0.0,基准模型（区县均值）
锦江,577,梯度提升,15.826760814618407,0.9279366301695321,0.8784335828108314,通过
锦江,577,随机森林,39.41921106778408,0.7487935775888845,0.695851805368661,通过
新都,570,Ridge,5.158764019181655,0.9579576741137414,0.9493609036229417,通过
新都,570,XGBoost,5.481200947276333,0.945642929496354,0.8616802184944671,通过
新都,570,决策树,13.30097875083943,0.7546990469685748,0.5151552357841959,过拟合过滤
新都,570,平均价格,29.822649122807018,0.0,0.0,基准模型（区县均值）
新都,570,梯度提升,4.729382388983581,0.9313072272624492,0.8874655886558235,通过
新都,570,随机森林,12.278881528105254,0.7182392684318835,0.639640782621851,通过
温江,548,Ridge,7.2297844213054026,0.9439044653767403,0.9385602727871366,通过
温江,548,XGBoost,6.63102761011054,0.9422455150727574,0.8723406586484092,通过
温江,548,决策树,20.34100248862254,0.6149063092258586,0.5776518272073455,通过
温江,548,平均价格,35.5714598540146,0.0,0.0,基准模型（区县均值）
温江,548,梯度提升,5.9964000138280085,0.8923062658548473,0.8486476901115148,通过
温江,548,随机森林,14.414948946144492,0.6857138149479407,0.6321612087744456,通过
郫都区,546,Ridge,5.401985432397632,0.9536034386207053,0.9428657938914199,通过
郫都区,546,XGBoost,5.743866142859826,0.9400568269195257,0.8605117037353672,通过
郫都区,546,决策树,12.918305036070382,0.7236078088248787,0.599044189923024,通过
郫都区,546,平均价格,29.4031684981685,0.0,0.0,基准模型（区县均值）
郫都区,546,梯度提升,4.476324293053461,0.92927147924898,0.8828228035975959,通过
郫都区,546,随机森林,11.626472616265069,0.7288193501150411,0.6518838228495382,通过
龙泉驿,543,Ridge,10.844341243936208,0.9476164633166354,0.9387158989847585,通过
龙泉驿,543,XGBoost,7.890346156448731,0.9412319775548815,0.8705708329404436,通过
龙泉驿,543,决策树,24.03409862027505,0.6917282615497997,0.5719472843905503,通过
龙泉驿,543,平均价格,46.679171270718236,0.0,0.0,基准模型（区县均值）
龙泉驿,543,梯度提升,7.25804512061883,0.9136069774119009,0.8702221982424055,通过
龙泉驿,543,随机森林,16.610624503138897,0.7576576942076737,0.6839252585514801,通过
双流,505,Ridge,8.66253855018088,0.9595655126388297,0.9538358999944841,通过
双流,505,XGBoost,8.267121688389542,0.9345016472402516,0.7983154203972059,通过
双流,505,决策树,17.491176934147735,0.8190070800374492,0.5451121069584747,过拟合过滤
双流,505,平均价格,42.828653465346534,0.0,0.0,基准模型（区县均值）
双流,505,梯度提升,8.045135389747056,0.893863218005958,0.7954641291122458,通过
双流,505,随机森林,17.117885642162634,0.7033627277581047,0.638843909912746,通过
青白江,446,Ridge,2.6285596983625807,0.9707200877283411,0.9663574336810291,通过
青白江,446,XGBoost,3.119074344378416,0.9551147057912707,0.9137258363156812,通过
青白江,446,决策树,6.777996953788256,0.8409640178286535,0.7205500289987276,通过
青白江,446,平均价格,17.88547085201794,0.0,0.0,基准模型（区县均值）
青白江,446,梯度提升,2.2792609918237856,0.968193653310227,0.9381169943725228,通过
青白江,446,随机森林,6.346070524815986,0.7983894235544027,0.7280993860160822,通过
简阳,428,Ridge,4.00404873557478,0.9668347840560846,0.962155294161179,通过
简阳,428,XGBoost,4.525986401923349,0.9589599682319078,0.8909236223963654,通过
简阳,428,决策树,11.367410717873675,0.7328770573782755,0.616117773165528,通过
简阳,428,平均价格,26.203878504672897,0.0,0.0,基准模型（区县均值）
简阳,428,梯度提升,3.481354138420787,0.9691493233998375,0.9147106778215415,通过
简阳,428,随机森林,9.520655472030125,0.8317751293035996,0.7327968589484364,通过
都江堰,421,Ridge,17.0320154811437,0.8992682106256156,0.8890451566738147,通过
都江堰,421,XGBoost,10.244353175219901,0.9376421558903841,0.7825547934706281,通过
都江堰,421,决策树,24.77278496642074,0.7381254869797909,0.6000332396106282,通过
都江堰,421,平均价格,51.82099762470309,0.0,0.0,基准模型（区县均值）
都江堰,421,梯度提升,10.584834934214026,0.8980046812070686,0.8192057020575599,通过
都江堰,421,随机森林,20.889098103173193,0.7236580109929702,0.6079361419818868,通过
彭州,381,Ridge,4.902342958497852,0.9340505780407955,0.9068449923520431,通过
彭州,381,XGBoost,4.587602966388692,0.9312293083959329,0.7826651977388609,通过
彭州,381,决策树,11.408734511150849,0.6826274911357801,0.4396599684972962,过拟合过滤
彭州,381,平均价格,22.4297375328084,0.0,0.0,基准模型（区县均值）
彭州,381,梯度提升,4.839339517734578,0.8397731346283566,0.7704603069130654,通过
彭州,381,随机森林,9.441896887518649,0.6451964355499636,0.5544564389942844,通过
金堂,373,Ridge,8.40456161237493,0.9304166905875805,0.8484240089801164,通过
金堂,373,XGBoost,5.207201773922181,0.8569717221080746,0.7582039307170841,通过
金堂,373,决策树,13.326142586737292,0.5025796447715676,0.2871450951823919,过拟合过滤
金堂,373,平均价格,24.461528150134047,0.0,0.0,基准模型（区县均值）
金堂,373,梯度提升,6.357514873230833,0.7105483569628241,0.6332369658617502,通过
金堂,373,随机森林,9.704666585875414,0.5424777336864803,0.5216949688800471,通过
高新西,251,Ridge,5.99837039439557,0.9648484392792903,0.9451795199012025,通过
高新西,251,XGBoost,6.788785701918886,0.923786907578117,0.8136040051879005,通过
高新西,251,决策树,13.777166953906823,0.758064122584035,0.6024855197113771,通过
高新西,251,平均价格,37.449362549800796,0.0,0.0,基准模型（区县均值）
高新西,251,梯度提升,5.899168066961621,0.9074848214957724,0.854855017495359,通过
高新西,251,随机森林,12.72254002992107,0.7381935533802628,0.6846307191074197,通过
高新,190,Ridge,8.890775744647026,0.9476514133653936,0.9350850730749295,通过
高新,190,XGBoost,8.374507855867085,0.9521276172064475,0.8567501380766664,通过
高新,190,决策树,25.275275014459226,0.6051213122582888,0.3666058248212458,过拟合过滤
高新,190,平均价格,44.899157894736845,0.0,0.0,基准模型（区县均值）
高新,190,梯度提升,5.221960541664069,0.9848893191422206,0.9162903851304963,通过
高新,190,随机森林,16.831925370609348,0.8348093098470403,0.6921296505320553,通过
天府新区南区,98,Ridge,10.854837397422717,0.9637823012495622,0.9509998996966901,通过
天府新区南区,98,XGBoost,13.053655203994438,0.9419452921979398,0.797231093487603,通过
天府新区南区,98,决策树,29.956006531018527,0.7889583805856876,0.3653555206749696,过拟合过滤
天府新区南区,98,平均价格,60.63183673469388,0.0,0.0,基准模型（区县均值）
天府新区南区,98,梯度提升,8.531631174554619,0.9807559634469026,0.8887827573929977,通过
天府新区南区,98,随机森林,22.62677101300887,0.8485989534025583,0.6443097068833595,过拟合过滤
新津区,98,Ridge,12.962122116056973,0.9312793524312719,0.8316771945524422,通过
新津区,98,XGBoost,13.272988167587593,0.8541092897865112,0.6957433524903389,通过
新津区,98,决策树,28.03645554773633,0.645585089590764,0.15979112429016332,过拟合过滤
新津区,98,平均价格,51.10285714285713,0.0,0.0,基准模型（区县均值）
新津区,98,梯度提升,11.176220140724453,0.9197157325379142,0.7161627969707843,过拟合过滤
新津区,98,随机森林,21.03216708301146,0.7242147107397376,0.5465052790707902,通过
大邑,46,Ridge,10.149544788113086,0.9500377757440529,0.7579709721829141,通过
大邑,46,XGBoost,18.526154592762822,0.8624273643185643,0.547005667333818,过拟合过滤
大邑,46,决策树,13.148118377785897,0.9552482999955154,0.46622854164310007,过拟合过滤
大邑,46,平均价格,59.482173913043475,0.0,0.0,基准模型（区县均值）
大邑,46,梯度提升,14.968653682216521,0.9410467422006997,0.6509221415664221,通过
大邑,46,随机森林,9.391701057613398,0.966699383023107,0.7593492010304074,通过
蒲江,10,Ridge,71.97031531303082,0.8127241048804379,-8.580671202321911,过拟合过滤
蒲江,10,平均价格,137.53199999999998,0.0,0.0,基准模型（区县均值）
崇州,1,全局Ridge模型,0.0,0.0,0.0,使用全局模型（样本极少）
